رقم البلوك / Block Number2,رقم القطعة / Land Number,النموذج / Model,مساحة الأرض / Land Area,Build-UP Area,عدد غرف النوم / Number of Bedrooms,عدد دورات المياه / Number Of Bathrooms ,Master Bedroom size / مساحة غرفة النوم الرئيسية,Living Room size / مساحة غرفة المعيشة,Kitchen size / مساحة المطبخ,Guestroom size / مساحة المجلس,Unit front compass / واجهة الوحدة,Availability,,,,
1,1,B (Zero Lot),250.000,338.127,3,6,23.25,15.21,17.43,20.12,East,Reserved,,,,
1,2,B (Zero Lot),250.000,338.127,3,6,23.25,15.21,17.43,20.12,East,Reserved,,,,
1,3,C (Zero Lot),250.000,339.744,3,6,22.13,24.08,21.12,25.97,East,Reserved,,,,
1,4,C (Zero Lot),250.000,339.744,3,6,22.13,24.08,21.12,25.97,East,Reserved,,,,
1,5,C (Zero Lot),250.000,339.744,3,6,22.13,24.08,21.12,25.97,East,Reserved,,,,
1,6,C (Zero Lot),250.000,339.744,3,6,22.13,24.08,21.12,25.97,East,Reserved,,,,
1,7,B (Duplex),250.000,338.127,3,6,23.25,15.21,17.43,20.12,East,Reserved,,,,
1,8,B (Duplex),250.000,338.127,3,6,23.25,15.21,17.43,20.12,East,Reserved,,,,
1,9,C (Zero Lot),250.000,339.744,3,6,22.13,24.08,21.12,25.97,East,Reserved,,,,
1,10,C (Zero Lot),250.000,339.744,3,6,22.13,24.08,21.12,25.97,East,Reserved,,,,
1,11,C (Zero Lot),250.000,339.744,3,6,22.13,24.08,21.12,25.97,East,Reserved,,,,
1,12,C (Zero Lot),250.000,339.744,3,6,22.13,24.08,21.12,25.97,East,Reserved,,,,
1,13,B (Zero Lot),250.000,338.127,3,6,23.25,15.21,17.43,20.12,East,Reserved,,,,
1,14,B (Zero Lot),250.000,338.127,3,6,23.25,15.21,17.43,20.12,East,Reserved,,,,
2,15,B (Zero Lot),250.000,338.127,3,6,23.25,15.21,17.43,20.12,East,Reserved,,,,
2,16,B (Zero Lot),250.000,338.127,3,6,23.25,15.21,17.43,20.12,East,Reserved,,,,
2,17,C (Zero Lot),250.000,339.744,3,6,22.13,24.08,21.12,25.97,East,Reserved,,,,
2,18,C (Zero Lot),250.000,339.744,3,6,22.13,24.08,21.12,25.97,East,Reserved,,,,
2,19,C (Zero Lot),250.000,339.744,3,6,22.13,24.08,21.12,25.97,East,Reserved,,,,
2,20,C (Zero Lot),250.000,339.744,3,6,22.13,24.08,21.12,25.97,East,Reserved ,,,,
2,21,B (Duplex),250.000,338.127,3,6,23.25,15.21,17.43,20.12,East,Reserved,,,,
2,22,B (Duplex),250.000,338.127,3,6,23.25,15.21,17.43,20.12,East,Reserved,,,,
2,23,C (Zero Lot),250.000,339.744,3,6,22.13,24.08,21.12,25.97,East,Reserved,,,,
2,24,C (Zero Lot),250.000,339.744,3,6,22.13,24.08,21.12,25.97,East,Reserved,,,,
2,25,C (Zero Lot),250.000,339.744,3,6,22.13,24.08,21.12,25.97,East,Reserved,,,,
2,26,C (Zero Lot),250.000,339.744,3,6,22.13,24.08,21.12,25.97,East,Reserved,,,,
2,27,B (Zero Lot),250.000,338.127,3,6,23.25,15.21,17.43,20.12,East,Reserved,,,,
2,28,B (Zero Lot),250.000,338.127,3,6,23.25,15.21,17.43,20.12,East,Reserved,,,,
3,29,B (Zero Lot),250.000,338.127,3,6,23.25,15.21,17.43,20.12,East,Reserved,,,,
3,30,B (Zero Lot),250.000,338.127,3,6,23.25,15.21,17.43,20.12,East,Reserved,,,,
3,31,C (Zero Lot),250.000,339.744,3,6,22.13,24.08,21.12,25.97,East,Reserved,,,,
3,32,C (Zero Lot),250.000,339.744,3,6,22.13,24.08,21.12,25.97,East,Reserved,,,,
3,33,C (Zero Lot),250.000,339.744,3,6,22.13,24.08,21.12,25.97,East,Reserved,,,,
3,34,B (Duplex),250.000,338.127,3,6,23.25,15.21,17.43,20.12,East,Reserved,,,,
3,35,B (Duplex),250.000,338.127,3,6,23.25,15.21,17.43,20.12,East,Availabel.,,,,
3,36,C (Zero Lot),250.000,339.744,3,6,22.13,24.08,21.12,25.97,East,Reserved,,,,
3,37,C (Zero Lot),250.000,339.744,3,6,22.13,24.08,21.12,25.97,East,Reserved,,,,
3,38,B (Zero Lot),250.000,338.127,3,6,23.25,15.21,17.43,20.12,East,Reserved,,,,
3,39,B (Zero Lot),250.000,338.127,3,6,23.25,15.21,17.43,20.12,East,Reserved,,,,
4,40,B (Zero Lot),250.000,338.127,3,6,23.25,15.21,17.43,20.12,East,Reserved,,,,
4,41,B (Zero Lot),250.000,338.127,3,6,23.25,15.21,17.43,20.12,East,Reserved,,,,
4,42,C (Zero Lot),250.000,339.744,3,6,22.13,24.08,21.12,25.97,East,Reserved,,,,
4,43,C (Zero Lot),250.000,339.744,3,6,22.13,24.08,21.12,25.97,East,Reserved,,,,
4,44,C (Zero Lot),250.000,339.744,3,6,22.13,24.08,21.12,25.97,East,Reserved,,,,
4,45,C (Zero Lot),250.000,339.744,3,6,22.13,24.08,21.12,25.97,East,Reserved,,,,
4,46,C (Zero Lot),250.000,339.744,3,6,22.13,24.08,21.12,25.97,East,Reserved,,,,
4,47,C (Zero Lot),250.000,339.744,3,6,22.13,24.08,21.12,25.97,East,Reserved,,,,
4,48,B (Duplex),250.000,338.127,3,6,23.25,15.21,17.43,20.12,East,Reserved,,,,
4,49,B (Duplex),250.000,338.127,3,6,23.25,15.21,17.43,20.12,East,Reserved,,,,
4,50,C (Zero Lot),250.000,339.744,3,6,22.13,24.08,21.12,25.97,East,Reserved,,,,
4,51,C (Zero Lot),250.000,339.744,3,6,22.13,24.08,21.12,25.97,East,Reserved,,,,
4,52,C (Zero Lot),250.000,339.744,3,6,22.13,24.08,21.12,25.97,East,Reserved,,,,
4,53,C (Zero Lot),250.000,339.744,3,6,22.13,24.08,21.12,25.97,East,Reserved,,,,
4,54,C (Zero Lot),250.000,339.744,3,6,22.13,24.08,21.12,25.97,East,Reserved,,,,
4,55,B (Zero Lot),250.000,338.127,3,6,23.25,15.21,17.43,20.12,East,Reserved,,,,
4,56,B (Zero Lot),250.000,338.127,3,6,23.25,15.21,17.43,20.12,East,Reserved,,,,
5,57,B (Zero Lot),325.000,338.127,3,6,23.25,15.21,17.43,20.12,South,Reserved,,,,
5,58,B (Zero Lot),250.000,338.127,3,6,23.25,15.21,17.43,20.12,South,Reserved,,,,
5,59,C (Zero Lot),250.000,339.744,3,6,22.13,24.08,21.12,25.97,South,Reserved,,,,
5,60,C (Zero Lot),250.000,339.744,3,6,22.13,24.08,21.12,25.97,South,Reserved,,,,
5,61,C (Zero Lot),250.000,339.744,3,6,22.13,24.08,21.12,25.97,South,Reserved,,,,
5,62,C (Zero Lot),250.000,339.744,3,6,22.13,24.08,21.12,25.97,South,Reserved,,,,
5,63,B (Duplex),250.000,338.127,3,6,23.25,15.21,17.43,20.12,South,Reserved,,,,
5,64,B (Duplex),250.000,338.127,3,6,23.25,15.21,17.43,20.12,South,Reserved,,,,
5,65,C (Zero Lot),250.000,339.744,3,6,22.13,24.08,21.12,25.97,South,Reserved,,,,
5,66,C (Zero Lot),250.000,339.744,3,6,22.13,24.08,21.12,25.97,South,Reserved,,,,
5,67,C (Zero Lot),250.000,339.744,3,6,22.13,24.08,21.12,25.97,South,Reserved,,,,
5,68,C (Zero Lot),250.000,339.744,3,6,22.13,24.08,21.12,25.97,South,Reserved,,,,
5,69,B (Zero Lot),250.000,338.127,3,6,23.25,15.21,17.43,20.12,South,Reserved,,,,
5,70,B (Zero Lot),250.000,338.127,3,6,23.25,15.21,17.43,20.12,South,Reserved,,,,
6,71,B (Zero Lot),250.000,338.127,3,6,23.25,15.21,17.43,20.12,South,Reserved,,,,
6,72,B (Zero Lot),250.000,338.127,3,6,23.25,15.21,17.43,20.12,South,Reserved,,,,
6,73,C (Zero Lot),250.000,339.744,3,6,22.13,24.08,21.12,25.97,South,Reserved,,,,
6,74,C (Zero Lot),250.000,339.744,3,6,22.13,24.08,21.12,25.97,South,Reserved,,,,
6,75,C (Zero Lot),250.000,339.744,3,6,22.13,24.08,21.12,25.97,South,Reserved,,,,
6,76,C (Zero Lot),250.000,339.744,3,6,22.13,24.08,21.12,25.97,South,Reserved,,,,
6,77,C (Zero Lot),250.000,339.744,3,6,22.13,24.08,21.12,25.97,South,Reserved,,,,
6,78,B (Duplex),250.000,338.127,3,6,23.25,15.21,17.43,20.12,South,Reserved,,,,
6,79,B (Duplex),250.000,338.127,3,6,23.25,15.21,17.43,20.12,South,Reserved,,,,
6,80,C (Zero Lot),250.000,339.744,3,6,22.13,24.08,21.12,25.97,South,Reserved,,,,
6,81,C (Zero Lot),250.000,339.744,3,6,22.13,24.08,21.12,25.97,South,Reserved,,,,
6,82,C (Zero Lot),250.000,339.744,3,6,22.13,24.08,21.12,25.97,South,Reserved,,,,
6,83,C (Zero Lot),250.000,339.744,3,6,22.13,24.08,21.12,25.97,South,Reserved,,,,
6,84,C (Zero Lot),250.000,339.744,3,6,22.13,24.08,21.12,25.97,South,Reserved,,,,
6,85,C (Zero Lot),250.000,339.744,3,6,22.13,24.08,21.12,25.97,South,Reserved,,,,
6,86,B (Duplex),250.000,338.127,3,6,23.25,15.21,17.43,20.12,South,Reserved,,,,
6,87,B (Duplex),250.000,338.127,3,6,23.25,15.21,17.43,20.12,South,Reserved,,,,
6,88,C (Zero Lot),250.000,339.744,3,6,22.13,24.08,21.12,25.97,South,Reserved,,,,
6,89,C (Zero Lot),250.000,339.744,3,6,22.13,24.08,21.12,25.97,South,Reserved,,,,
6,90,C (Zero Lot),250.000,339.744,3,6,22.13,24.08,21.12,25.97,South,Reserved,,,,
6,91,C (Zero Lot),250.000,339.744,3,6,22.13,24.08,21.12,25.97,South,Reserved,,,,
6,92,C (Zero Lot),250.000,339.744,3,6,22.13,24.08,21.12,25.97,South,Reserved,,,,
6,93,C (Zero Lot),250.000,339.744,3,6,22.13,24.08,21.12,25.97,South,Reserved,,,,
6,94,B (Zero Lot),250.000,338.127,3,6,23.25,15.21,17.43,20.12,South,Reserved,,,,
6,95,B (Zero Lot),285.000,338.127,3,6,23.25,15.21,17.43,20.12,South,Reserved,,,,
7,96,B (Zero Lot),250.000,338.127,3,6,23.25,15.21,17.43,20.12,East,Availabel.,,,,
7,97,A (Duplex),250.000,351.046,3,6,29.55,26.40,22.62,16.00,East,Reserved,,,,
7,98,A (Duplex),250.000,351.046,3,6,29.55,26.40,22.62,16.00,East,Reserved,,,,
7,99,B (Zero Lot),300.000,338.127,3,6,23.25,15.21,17.43,20.12,West,Reserved,,,,
7,100,B (Zero Lot),250.000,338.127,3,6,23.25,15.21,17.43,20.12,East,Reserved,,,,
7,101,A (Duplex),250.000,351.046,3,6,29.55,26.40,22.62,16.00,West,Reserved,,,,
7,102,A (Duplex),250.000,351.046,3,6,29.55,26.40,22.62,16.00,East,Reserved,,,,
7,103,A (Duplex),250.000,351.046,3,6,29.55,26.40,22.62,16.00,West,Reserved,,,,
7,104,A (Duplex),250.000,351.046,3,6,29.55,26.40,22.62,16.00,East,Reserved ,,,,
7,105,A (Zero Lot),250.000,351.046,3,6,29.55,26.40,22.62,16.00,West,Reserved,,,,
7,106,A (Zero Lot),250.000,351.046,3,6,29.55,26.40,22.62,16.00,East,Reserved,,,,
7,107,B (Zero Lot),250.000,338.127,3,6,23.25,15.21,17.43,20.12,West,Reserved,,,,
7,108,B (Zero Lot),250.000,338.127,3,6,23.25,15.21,17.43,20.12,East,Reserved,,,,
8,109,B (Zero Lot),250.000,338.127,3,6,23.25,15.21,17.43,20.12,West,Reserved,,,,
8,110,B (Zero Lot),250.000,338.127,3,6,23.25,15.21,17.43,20.12,East,Availabel.,,,,
8,111,C (Zero Lot),250.000,339.744,3,6,22.13,24.08,21.12,25.97,West,Reserved,,,,
8,112,C (Zero Lot),250.000,339.744,3,6,22.13,24.08,21.12,25.97,East,Reserved,,,,
8,113,C (Zero Lot),250.000,339.744,3,6,22.13,24.08,21.12,25.97,West,Reserved,,,,
8,114,C (Zero Lot),250.000,339.744,3,6,22.13,24.08,21.12,25.97,East,Reserved,,,,
8,115,A (Zero Lot),250.000,351.046,3,6,29.55,26.40,22.62,16.00,West,Reserved,,,,
8,116,A (Zero Lot),250.000,351.046,3,6,29.55,26.40,22.62,16.00,East,Reserved,,,,
8,117,A (Zero Lot),250.000,351.046,3,6,29.55,26.40,22.62,16.00,West,Reserved,,,,
8,118,A (Zero Lot),250.000,351.046,3,6,29.55,26.40,22.62,16.00,East,Reserved ,,,,
8,119,B (Duplex),250.000,338.127,3,6,23.25,15.21,17.43,20.12,West,Reserved,,,,
8,120,B (Duplex),250.000,338.127,3,6,23.25,15.21,17.43,20.12,East,Reserved,,,,
8,121,B (Duplex),250.000,338.127,3,6,23.25,15.21,17.43,20.12,West,Availabel.,,,,
8,122,B (Duplex),250.000,338.127,3,6,23.25,15.21,17.43,20.12,East,Reserved,,,,
8,123,A (Zero Lot),250.000,351.046,3,6,29.55,26.40,22.62,16.00,West,Reserved,,,,
8,124,A (Zero Lot),250.000,351.046,3,6,29.55,26.40,22.62,16.00,East,Reserved,,,,
8,125,A (Zero Lot),250.000,351.046,3,6,29.55,26.40,22.62,16.00,West,Reserved,,,,
8,126,A (Zero Lot),250.000,351.046,3,6,29.55,26.40,22.62,16.00,East,Reserved,,,,
8,127,A (Zero Lot),250.000,351.046,3,6,29.55,26.40,22.62,16.00,West,Reserved,,,,
8,128,A (Zero Lot),250.000,351.046,3,6,29.55,26.40,22.62,16.00,East,Reserved,,,,
8,129,C (Zero Lot),250.000,339.744,3,6,22.13,24.08,21.12,25.97,West,Reserved,,,,
8,130,C (Zero Lot),250.000,339.744,3,6,22.13,24.08,21.12,25.97,East,Reserved,,,,
8,131,C (Zero Lot),250.000,339.744,3,6,22.13,24.08,21.12,25.97,West,Reserved,,,,
8,132,C (Zero Lot),250.000,339.744,3,6,22.13,24.08,21.12,25.97,East,Reserved,,,,
8,133,B (Zero Lot),250.000,338.127,3,6,23.25,15.21,17.43,20.12,West,Availabel.,,,,
8,134,B (Zero Lot),250.000,338.127,3,6,23.25,15.21,17.43,20.12,East,Reserved,,,,
9,135,B (Zero Lot),250.000,338.127,3,6,23.25,15.21,17.43,20.12,West,Availabel.,,,,
9,136,B (Zero Lot),250.000,338.127,3,6,23.25,15.21,17.43,20.12,East,Reserved,,,,
9,137,A (Zero Lot),250.000,351.046,3,6,29.55,26.40,22.62,16.00,West,Reserved,,,,
9,138,A (Zero Lot),250.000,351.046,3,6,29.55,26.40,22.62,16.00,East,Reserved,,,,
9,139,A (Zero Lot),250.000,351.046,3,6,29.55,26.40,22.62,16.00,West,Reserved,,,,
9,140,A (Zero Lot),250.000,351.046,3,6,29.55,26.40,22.62,16.00,East,Reserved,,,,
9,141,B (Duplex),250.000,338.127,3,6,23.25,15.21,17.43,20.12,West,Availabel.,,,,
9,142,B (Duplex),250.000,338.127,3,6,23.25,15.21,17.43,20.12,East,Availabel.,,,,
9,143,B (Duplex),250.000,338.127,3,6,23.25,15.21,17.43,20.12,West,Reserved,,,,
9,144,B (Duplex),250.000,338.127,3,6,23.25,15.21,17.43,20.12,East,Availabel.,,,,
9,145,A (Zero Lot),250.000,351.046,3,6,29.55,26.40,22.62,16.00,West,Availabel.,,,,
9,146,A (Zero Lot),250.000,351.046,3,6,29.55,26.40,22.62,16.00,East,Reserved,,,,
9,147,A (Zero Lot),250.000,351.046,3,6,29.55,26.40,22.62,16.00,West,Reserved,,,,
9,148,A (Zero Lot),250.000,351.046,3,6,29.55,26.40,22.62,16.00,East,Reserved,,,,
9,149,A (Zero Lot),250.000,351.046,3,6,29.55,26.40,22.62,16.00,West,Reserved,,,,
9,150,A (Zero Lot),250.000,351.046,3,6,29.55,26.40,22.62,16.00,East,Reserved,,,,
9,151,B (Zero Lot),250.000,338.127,3,6,23.25,15.21,17.43,20.12,West,Availabel.,,,,
9,152,B (Zero Lot),250.000,338.127,3,6,23.25,15.21,17.43,20.12,East,Availabel.,,,,
10,153,B (Zero Lot),250.000,338.127,3,6,23.25,15.21,17.43,20.12,East,Reserved,,,,
10,154,B (Zero Lot),250.000,338.127,3,6,23.25,15.21,17.43,20.12,West,Reserved,,,,
10,155,A (Zero Lot),250.000,351.046,3,6,29.55,26.40,22.62,16.00,East,Reserved,,,,
10,156,A (Zero Lot),250.000,351.046,3,6,29.55,26.40,22.62,16.00,West,Reserved,,,,
10,157,A (Zero Lot),250.000,351.046,3,6,29.55,26.40,22.62,16.00,East,Reserved,,,,
10,158,A (Zero Lot),250.000,351.046,3,6,29.55,26.40,22.62,16.00,West,Reserved,,,,
10,159,A (Zero Lot),250.000,351.046,3,6,29.55,26.40,22.62,16.00,East,Reserved,,,,
10,160,A (Zero Lot),250.000,351.046,3,6,29.55,26.40,22.62,16.00,West,Reserved,,,,
10,161,B (Duplex),250.000,338.127,3,6,23.25,15.21,17.43,20.12,East,Availabel.,,,,
10,162,B (Duplex),250.000,338.127,3,6,23.25,15.21,17.43,20.12,West,Availabel.,,,,
10,163,B (Duplex),250.000,338.127,3,6,23.25,15.21,17.43,20.12,East,Availabel.,,,,
10,164,B (Duplex),250.000,338.127,3,6,23.25,15.21,17.43,20.12,West,Availabel.,,,,
10,165,A (Zero Lot),250.000,351.046,3,6,29.55,26.40,22.62,16.00,East,Reserved,,,,
10,166,A (Zero Lot),250.000,351.046,3,6,29.55,26.40,22.62,16.00,West,Reserved,,,,
10,167,A (Zero Lot),250.000,351.046,3,6,29.55,26.40,22.62,16.00,East,Reserved,,,,
10,168,A (Zero Lot),250.000,351.046,3,6,29.55,26.40,22.62,16.00,West,Reserved,,,,
10,169,B (Zero Lot),250.000,338.127,3,6,23.25,15.21,17.43,20.12,East,Reserved,,,,
10,170,B (Zero Lot),250.000,338.127,3,6,23.25,15.21,17.43,20.12,West,Reserved,,,,
11,171,B (Zero Lot),250.000,338.127,3,6,23.25,15.21,17.43,20.12,East,Reserved,,,,
11,172,B (Zero Lot),250.000,338.127,3,6,23.25,15.21,17.43,20.12,West,Reserved,,,,
11,173,A (Zero Lot),250.000,351.046,3,6,29.55,26.40,22.62,16.00,East,Reserved,,,,
11,174,A (Zero Lot),250.000,351.046,3,6,29.55,26.40,22.62,16.00,West,Reserved,,,,
11,175,A (Zero Lot),250.000,351.046,3,6,29.55,26.40,22.62,16.00,East,Reserved,,,,
11,176,A (Zero Lot),250.000,351.046,3,6,29.55,26.40,22.62,16.00,West,Reserved,,,,
11,177,C (Zero Lot),250.000,339.744,3,6,22.13,24.08,21.12,25.97,East,Reserved,,,,
11,178,C (Zero Lot),250.000,339.744,3,6,22.13,24.08,21.12,25.97,West,Reserved,,,,
11,179,C (Zero Lot),250.000,339.744,3,6,22.13,24.08,21.12,25.97,East,Reserved,,,,
11,180,C (Zero Lot),250.000,339.744,3,6,22.13,24.08,21.12,25.97,West,Reserved,,,,
11,181,C (Zero Lot),250.000,339.744,3,6,22.13,24.08,21.12,25.97,East,Reserved,,,,
11,182,C (Zero Lot),250.000,339.744,3,6,22.13,24.08,21.12,25.97,West,Reserved ,,,,
11,183,B (Duplex),250.000,338.127,3,6,23.25,15.21,17.43,20.12,East,Reserved,,,,
11,184,B (Duplex),250.000,338.127,3,6,23.25,15.21,17.43,20.12,West,Reserved,,,,
11,185,B (Duplex),250.000,338.127,3,6,23.25,15.21,17.43,20.12,East,Reserved,,,,
11,186,B (Duplex),250.000,338.127,3,6,23.25,15.21,17.43,20.12,West,Reserved,,,,
11,187,A (Zero Lot),250.000,351.046,3,6,29.55,26.40,22.62,16.00,East,Reserved,,,,
11,188,A (Zero Lot),250.000,351.046,3,6,29.55,26.40,22.62,16.00,West,Reserved,,,,
11,189,A (Zero Lot),250.000,351.046,3,6,29.55,26.40,22.62,16.00,East,Reserved,,,,
11,190,A (Zero Lot),250.000,351.046,3,6,29.55,26.40,22.62,16.00,West,Reserved,,,,
11,191,A (Zero Lot),250.000,351.046,3,6,29.55,26.40,22.62,16.00,East,Reserved,,,,
11,192,A (Zero Lot),250.000,351.046,3,6,29.55,26.40,22.62,16.00,West,Reserved,,,,
11,193,A (Zero Lot),250.000,351.046,3,6,29.55,26.40,22.62,16.00,East,Reserved,,,,
11,194,A (Zero Lot),250.000,351.046,3,6,29.55,26.40,22.62,16.00,West,Reserved,,,,
11,195,B (Zero Lot),250.000,338.127,3,6,23.25,15.21,17.43,20.12,East,Reserved,,,,
11,196,B (Zero Lot),250.000,338.127,3,6,23.25,15.21,17.43,20.12,West,Reserved,,,,
12,197,B (Zero Lot),250.000,338.127,3,6,23.25,15.21,17.43,20.12,East,Reserved,,,,
12,198,B (Zero Lot),250.000,338.127,3,6,23.25,15.21,17.43,20.12,West,Availabel.,,,,
12,199,A (Zero Lot),250.000,351.046,3,6,29.55,26.40,22.62,16.00,East,Reserved,,,,
12,200,A (Zero Lot),250.000,351.046,3,6,29.55,26.40,22.62,16.00,West,Reserved,,,,
12,201,A (Duplex),250.000,351.046,3,6,29.55,26.40,22.62,16.00,East,Reserved,,,,
12,202,A (Duplex),250.000,351.046,3,6,29.55,26.40,22.62,16.00,West,Reserved,,,,
12,203,A (Duplex),250.000,351.046,3,6,29.55,26.40,22.62,16.00,East,Reserved,,,,
12,204,A (Duplex),250.000,351.046,3,6,29.55,26.40,22.62,16.00,West,Availabel.,,,,
12,205,B (Zero Lot),325.000,338.127,3,6,23.25,15.21,17.43,20.12,East,Reserved,,,,
12,206,B (Zero Lot),325.000,338.127,3,6,23.25,15.21,17.43,20.12,West,Reserved,,,,
13,207,B (Zero Lot),325.000,338.127,3,6,23.25,15.21,17.43,20.12,North,Reserved,,,,
13,208,B (Zero Lot),325.000,338.127,3,6,23.25,15.21,17.43,20.12,South,Reserved,,,,
13,209,C (Zero Lot),250.000,339.744,3,6,22.13,24.08,21.12,25.97,North,Reserved,,,,
13,210,C (Zero Lot),250.000,339.744,3,6,22.13,24.08,21.12,25.97,South,Reserved,,,,
13,211,C (Zero Lot),250.000,339.744,3,6,22.13,24.08,21.12,25.97,North,Reserved,,,,
13,212,C (Zero Lot),250.000,339.744,3,6,22.13,24.08,21.12,25.97,South,Reserved,,,,
13,213,C (Zero Lot),250.000,339.744,3,6,22.13,24.08,21.12,25.97,North,Reserved,,,,
13,214,C (Zero Lot),250.000,339.744,3,6,22.13,24.08,21.12,25.97,South,Reserved,,,,
13,215,A (Zero Lot),250.000,351.046,3,6,29.55,26.40,22.62,16.00,North,Reserved,,,,
13,216,A (Zero Lot),250.000,351.046,3,6,29.55,26.40,22.62,16.00,South,Reserved,,,,
13,217,A (Zero Lot),250.000,351.046,3,6,29.55,26.40,22.62,16.00,North,Reserved,,,,
13,218,A (Zero Lot),250.000,351.046,3,6,29.55,26.40,22.62,16.00,South,Reserved,,,,
13,219,B (Duplex),250.000,338.127,3,6,23.25,15.21,17.43,20.12,North,Reserved,,,,
13,220,B (Duplex),250.000,338.127,3,6,23.25,15.21,17.43,20.12,South,Reserved,,,,
13,221,B (Duplex),250.000,338.127,3,6,23.25,15.21,17.43,20.12,North,Reserved,,,,
13,222,B (Duplex),250.000,338.127,3,6,23.25,15.21,17.43,20.12,South,Reserved,,,,*
13,223,A (Zero Lot),250.000,351.046,3,6,29.55,26.40,22.62,16.00,North,Reserved,,,,
13,224,A (Zero Lot),250.000,351.046,3,6,29.55,26.40,22.62,16.00,South,Reserved,,,,
13,225,A (Zero Lot),250.000,351.046,3,6,29.55,26.40,22.62,16.00,North,Reserved,,,,
13,226,A (Zero Lot),250.000,351.046,3,6,29.55,26.40,22.62,16.00,South,Reserved ,,,,
13,227,C (Zero Lot),250.000,339.744,3,6,22.13,24.08,21.12,25.97,North,Reserved,,,,
13,228,C (Zero Lot),250.000,339.744,3,6,22.13,24.08,21.12,25.97,South,Reserved,,,,
13,229,C (Zero Lot),250.000,339.744,3,6,22.13,24.08,21.12,25.97,North,Reserved,,,,
13,230,C (Zero Lot),250.000,339.744,3,6,22.13,24.08,21.12,25.97,South,Reserved,,,,
13,231,C (Zero Lot),250.000,339.744,3,6,22.13,24.08,21.12,25.97,North,Reserved,,,,
13,232,C (Zero Lot),250.000,339.744,3,6,22.13,24.08,21.12,25.97,South,Reserved,,,,
13,233,B (Zero Lot),250.000,338.127,3,6,23.25,15.21,17.43,20.12,North,Reserved,,,,
13,234,B (Zero Lot),250.000,338.127,3,6,23.25,15.21,17.43,20.12,South,Reserved ,,,,
14,235,B (Zero Lot),250.000,338.127,3,6,23.25,15.21,17.43,20.12,North,Availabel.,,,,
14,236,B (Zero Lot),250.000,338.127,3,6,23.25,15.21,17.43,20.12,South,Reserved,,,,
14,237,A (Zero Lot),250.000,351.046,3,6,29.55,26.40,22.62,16.00,North,Reserved,,,,
14,238,A (Zero Lot),250.000,351.046,3,6,29.55,26.40,22.62,16.00,South,Reserved,,,,
14,239,A (Zero Lot),250.000,351.046,3,6,29.55,26.40,22.62,16.00,North,Reserved,,,,
14,240,A (Zero Lot),250.000,351.046,3,6,29.55,26.40,22.62,16.00,South,Reserved,,,,
14,241,A (Zero Lot),250.000,351.046,3,6,29.55,26.40,22.62,16.00,North,Reserved,,,,
14,242,A (Zero Lot),250.000,351.046,3,6,29.55,26.40,22.62,16.00,South,Reserved,,,,
14,243,C (Zero Lot),250.000,339.744,3,6,22.13,24.08,21.12,25.97,North,Reserved,,,,
14,244,C (Zero Lot),250.000,339.744,3,6,22.13,24.08,21.12,25.97,South,Reserved,,,,
14,245,C (Zero Lot),250.000,339.744,3,6,22.13,24.08,21.12,25.97,North,Reserved,,,,
14,246,C (Zero Lot),250.000,339.744,3,6,22.13,24.08,21.12,25.97,South,Reserved,,,,
14,247,B (Duplex),250.000,338.127,3,6,23.25,15.21,17.43,20.12,North,Reserved,,,,
14,248,B (Duplex),250.000,338.127,3,6,23.25,15.21,17.43,20.12,South,Reserved,,,,
14,249,B (Duplex),250.000,338.127,3,6,23.25,15.21,17.43,20.12,North,Reserved,,,,
14,250,B (Duplex),250.000,338.127,3,6,23.25,15.21,17.43,20.12,South,Reserved,,,,
14,251,C (Zero Lot),250.000,339.744,3,6,22.13,24.08,21.12,25.97,North,Reserved,,,,
14,252,C (Zero Lot),250.000,339.744,3,6,22.13,24.08,21.12,25.97,South,Reserved,,,,
14,253,C (Zero Lot),250.000,339.744,3,6,22.13,24.08,21.12,25.97,North,Reserved ,,,,
14,254,C (Zero Lot),250.000,339.744,3,6,22.13,24.08,21.12,25.97,South,Reserved,,,,
14,255,A (Zero Lot),250.000,351.046,3,6,29.55,26.40,22.62,16.00,North,Reserved,,,,
14,256,A (Zero Lot),250.000,351.046,3,6,29.55,26.40,22.62,16.00,South,Reserved,,,,
14,257,A (Zero Lot),250.000,351.046,3,6,29.55,26.40,22.62,16.00,North,Reserved,,,,
14,258,A (Zero Lot),250.000,351.046,3,6,29.55,26.40,22.62,16.00,South,Reserved,,,,
14,259,A (Zero Lot),250.000,351.046,3,6,29.55,26.40,22.62,16.00,North,Reserved,,,,
14,260,A (Zero Lot),250.000,351.046,3,6,29.55,26.40,22.62,16.00,South,Reserved,,,,
14,261,B (Zero Lot),325.000,338.127,3,6,23.25,15.21,17.43,20.12,North,Reserved,,,,
14,262,B (Zero Lot),325.000,338.127,3,6,23.25,15.21,17.43,20.12,South,Reserved,,,,
16,263,B (Zero Lot),325.000,338.127,3,6,23.25,15.21,17.43,20.12,North,Reserved,,,,
16,264,B (Zero Lot),325.000,338.127,3,6,23.25,15.21,17.43,20.12,South,Reserved,,,,
16,265,C (Zero Lot),250.000,339.744,3,6,22.13,24.08,21.12,25.97,North,Reserved,,,,
16,266,C (Zero Lot),250.000,339.744,3,6,22.13,24.08,21.12,25.97,South,Reserved,,,,
16,267,C (Zero Lot),250.000,339.744,3,6,22.13,24.08,21.12,25.97,North,Reserved,,,,
16,268,C (Zero Lot),250.000,339.744,3,6,22.13,24.08,21.12,25.97,South,Reserved,,,,
16,269,C (Zero Lot),250.000,339.744,3,6,22.13,24.08,21.12,25.97,North,Reserved,,,,
16,270,C (Zero Lot),250.000,339.744,3,6,22.13,24.08,21.12,25.97,South,Reserved,,,,
16,271,A (Zero Lot),250.000,351.046,3,6,29.55,26.40,22.62,16.00,North,Reserved,,,,
16,272,A (Zero Lot),250.000,351.046,3,6,29.55,26.40,22.62,16.00,South,Reserved,,,,
16,273,A (Zero Lot),250.000,351.046,3,6,29.55,26.40,22.62,16.00,North,Reserved,,,,
16,274,A (Zero Lot),250.000,351.046,3,6,29.55,26.40,22.62,16.00,South,Reserved,,,,
16,275,B (Duplex),250.000,338.127,3,6,23.25,15.21,17.43,20.12,North,Reserved,,,,
16,276,B (Duplex),250.000,338.127,3,6,23.25,15.21,17.43,20.12,South,Reserved,,,,
16,277,B (Duplex),250.000,338.127,3,6,23.25,15.21,17.43,20.12,North,Reserved,,,,
16,278,B (Duplex),250.000,338.127,3,6,23.25,15.21,17.43,20.12,South,Reserved,,,,
16,279,A (Zero Lot),250.000,351.046,3,6,29.55,26.40,22.62,16.00,North,Reserved,,,,
16,280,A (Zero Lot),250.000,351.046,3,6,29.55,26.40,22.62,16.00,South,Reserved,,,,
16,281,A (Zero Lot),250.000,351.046,3,6,29.55,26.40,22.62,16.00,North,Reserved,,,,
16,282,A (Zero Lot),250.000,351.046,3,6,29.55,26.40,22.62,16.00,South,Reserved,,,,
16,283,C (Zero Lot),250.000,339.744,3,6,22.13,24.08,21.12,25.97,North,Reserved,,,,
16,284,C (Zero Lot),250.000,339.744,3,6,22.13,24.08,21.12,25.97,South,Reserved,,,,
16,285,C (Zero Lot),250.000,339.744,3,6,22.13,24.08,21.12,25.97,North,Reserved,,,,
16,286,C (Zero Lot),250.000,339.744,3,6,22.13,24.08,21.12,25.97,South,Reserved,,,,
16,287,C (Zero Lot),250.000,339.744,3,6,22.13,24.08,21.12,25.97,North,Reserved,,,,
16,288,C (Zero Lot),250.000,339.744,3,6,22.13,24.08,21.12,25.97,South,Reserved,,,,
16,289,B (Zero Lot),250.000,338.127,3,6,23.25,15.21,17.43,20.12,North,Reserved,,,,
16,290,B (Zero Lot),250.000,338.127,3,6,23.25,15.21,17.43,20.12,South,Reserved,,,,
15,292,B (Zero Lot),250.000,338.127,3,6,23.25,15.21,17.43,20.12,South,Reserved,,,,
15,291,B (Zero Lot),250.000,338.127,3,6,23.25,15.21,17.43,20.12,North,Reserved,,,,
15,293,A (Zero Lot),250.000,351.046,3,6,29.55,26.40,22.62,16.00,North,Reserved,,,,
15,294,A (Zero Lot),250.000,351.046,3,6,29.55,26.40,22.62,16.00,South,Reserved,,,,
15,295,A (Zero Lot),250.000,351.046,3,6,29.55,26.40,22.62,16.00,North,Reserved,,,,
15,296,A (Zero Lot),250.000,351.046,3,6,29.55,26.40,22.62,16.00,South,Reserved,,,,
15,297,A (Zero Lot),250.000,351.046,3,6,29.55,26.40,22.62,16.00,North,Reserved,,,,
15,298,A (Zero Lot),250.000,351.046,3,6,29.55,26.40,22.62,16.00,South,Reserved,,,,
15,299,C (Zero Lot),250.000,339.744,3,6,22.13,24.08,21.12,25.97,North,Reserved,,,,
15,300,C (Zero Lot),250.000,339.744,3,6,22.13,24.08,21.12,25.97,South,Reserved,,,,
15,301,C (Zero Lot),250.000,339.744,3,6,22.13,24.08,21.12,25.97,North,Reserved,,,,
15,302,C (Zero Lot),250.000,339.744,3,6,22.13,24.08,21.12,25.97,South,Reserved,,,,
15,303,B (Duplex),250.000,338.127,3,6,23.25,15.21,17.43,20.12,North,Reserved,,,,
15,304,B (Duplex),250.000,338.127,3,6,23.25,15.21,17.43,20.12,South,Reserved,,,,
15,305,B (Duplex),250.000,338.127,3,6,23.25,15.21,17.43,20.12,North,Reserved,,,,
15,306,B (Duplex),250.000,338.127,3,6,23.25,15.21,17.43,20.12,South,Reserved,,,,
15,307,C (Zero Lot),250.000,339.744,3,6,22.13,24.08,21.12,25.97,North,Reserved,,,,
15,308,C (Zero Lot),250.000,339.744,3,6,22.13,24.08,21.12,25.97,South,Reserved,,,,
15,309,C (Zero Lot),250.000,339.744,3,6,22.13,24.08,21.12,25.97,North,Reserved,,,,
15,310,C (Zero Lot),250.000,339.744,3,6,22.13,24.08,21.12,25.97,South,Reserved,,,,
15,311,A (Zero Lot),250.000,351.046,3,6,29.55,26.40,22.62,16.00,North,Reserved,,,,
15,312,A (Zero Lot),250.000,351.046,3,6,29.55,26.40,22.62,16.00,South,Reserved,,,,
15,313,A (Zero Lot),250.000,351.046,3,6,29.55,26.40,22.62,16.00,North,Reserved,,,,
15,314,A (Zero Lot),250.000,351.046,3,6,29.55,26.40,22.62,16.00,South,Reserved,,,,
15,315,A (Zero Lot),250.000,351.046,3,6,29.55,26.40,22.62,16.00,North,Reserved,,,,
15,316,A (Zero Lot),250.000,351.046,3,6,29.55,26.40,22.62,16.00,South,Reserved,,,,
15,317,B (Zero Lot),325.000,338.127,3,6,23.25,15.21,17.43,20.12,North,Reserved,,,,
15,318,B (Zero Lot),325.000,338.127,3,6,23.25,15.21,17.43,20.12,South,Reserved,,,,
17,319,B (Zero Lot),325.000,338.127,3,6,23.25,15.21,17.43,20.12,North,Reserved,,,,
17,320,B (Zero Lot),325.000,338.127,3,6,23.25,15.21,17.43,20.12,South,Reserved,,,,
17,321,C (Zero Lot),250.000,339.744,3,6,22.13,24.08,21.12,25.97,North,Reserved,,,,
17,322,C (Zero Lot),250.000,339.744,3,6,22.13,24.08,21.12,25.97,South,Reserved,,,,
17,323,C (Zero Lot),250.000,339.744,3,6,22.13,24.08,21.12,25.97,North,Reserved,,,,
17,324,C (Zero Lot),250.000,339.744,3,6,22.13,24.08,21.12,25.97,South,Reserved,,,,
17,325,C (Zero Lot),250.000,339.744,3,6,22.13,24.08,21.12,25.97,North,Reserved,,,,
17,326,C (Zero Lot),250.000,339.744,3,6,22.13,24.08,21.12,25.97,South,Reserved,,,,
17,327,A (Zero Lot),250.000,351.046,3,6,29.55,26.40,22.62,16.00,North,Reserved,,,,
17,328,A (Zero Lot),250.000,351.046,3,6,29.55,26.40,22.62,16.00,South,Reserved,,,,
17,329,A (Zero Lot),250.000,351.046,3,6,29.55,26.40,22.62,16.00,North,Reserved,,,,
17,330,A (Zero Lot),250.000,351.046,3,6,29.55,26.40,22.62,16.00,South,Reserved,,,,
17,331,B (Duplex),250.000,338.127,3,6,23.25,15.21,17.43,20.12,North,Availabel.,,,,
17,332,B (Duplex),250.000,338.127,3,6,23.25,15.21,17.43,20.12,South,Reserved,,,,
17,333,B (Duplex),250.000,338.127,3,6,23.25,15.21,17.43,20.12,North,Reserved,,,,
17,334,B (Duplex),250.000,338.127,3,6,23.25,15.21,17.43,20.12,South,Reserved,,,,
17,335,A (Zero Lot),250.000,351.046,3,6,29.55,26.40,22.62,16.00,North,Reserved,,,,
17,336,A (Zero Lot),250.000,351.046,3,6,29.55,26.40,22.62,16.00,South,Reserved,,,,
17,337,A (Zero Lot),250.000,351.046,3,6,29.55,26.40,22.62,16.00,North,Reserved,,,,
17,338,A (Zero Lot),250.000,351.046,3,6,29.55,26.40,22.62,16.00,South,Reserved,,,,
17,339,C (Zero Lot),250.000,339.744,3,6,22.13,24.08,21.12,25.97,North,Reserved,,,,
17,340,C (Zero Lot),250.000,339.744,3,6,22.13,24.08,21.12,25.97,South,Reserved,,,,
17,341,C (Zero Lot),250.000,339.744,3,6,22.13,24.08,21.12,25.97,North,Reserved,,,,
17,342,C (Zero Lot),250.000,339.744,3,6,22.13,24.08,21.12,25.97,South,Reserved,,,,
17,343,C (Zero Lot),250.000,339.744,3,6,22.13,24.08,21.12,25.97,North,Reserved,,,,
17,344,C (Zero Lot),250.000,339.744,3,6,22.13,24.08,21.12,25.97,South,Reserved,,,,
17,345,B (Zero Lot),250.000,338.127,3,6,23.25,15.21,17.43,20.12,North,Reserved,,,,
17,346,B (Zero Lot),250.000,338.127,3,6,23.25,15.21,17.43,20.12,South,Reserved,,,,
18,347,B (Zero Lot),250.000,338.127,3,6,23.25,15.21,17.43,20.12,North,Availabel.,,,,
18,348,B (Zero Lot),250.000,338.127,3,6,23.25,15.21,17.43,20.12,South,Reserved,,,,
18,349,A (Zero Lot),250.000,351.046,3,6,29.55,26.40,22.62,16.00,North,Reserved,,,,
18,350,A (Zero Lot),250.000,351.046,3,6,29.55,26.40,22.62,16.00,South,Reserved,,,,
18,351,A (Zero Lot),250.000,351.046,3,6,29.55,26.40,22.62,16.00,North,Reserved,,,,
18,352,A (Zero Lot),250.000,351.046,3,6,29.55,26.40,22.62,16.00,South,Reserved,,,,
18,353,A (Zero Lot),250.000,351.046,3,6,29.55,26.40,22.62,16.00,North,Reserved,,,,
18,354,A (Zero Lot),250.000,351.046,3,6,29.55,26.40,22.62,16.00,South,Reserved,,,,
18,355,C (Zero Lot),250.000,339.744,3,6,22.13,24.08,21.12,25.97,North,Reserved,,,,
18,356,C (Zero Lot),250.000,339.744,3,6,22.13,24.08,21.12,25.97,South,Reserved,,,,
18,357,C (Zero Lot),250.000,339.744,3,6,22.13,24.08,21.12,25.97,North,Reserved,,,,
18,358,C (Zero Lot),250.000,339.744,3,6,22.13,24.08,21.12,25.97,South,Reserved,,,,
18,359,B (Duplex),250.000,338.127,3,6,23.25,15.21,17.43,20.12,North,Availabel.,,,,
18,360,B (Duplex),250.000,338.127,3,6,23.25,15.21,17.43,20.12,South,Availabel.,,,,
18,361,B (Duplex),250.000,338.127,3,6,23.25,15.21,17.43,20.12,North,Availabel.,,,,
18,362,B (Duplex),250.000,338.127,3,6,23.25,15.21,17.43,20.12,South,Availabel.,,,,
18,363,C (Zero Lot),250.000,339.744,3,6,22.13,24.08,21.12,25.97,North,Reserved,,,,
18,364,C (Zero Lot),250.000,339.744,3,6,22.13,24.08,21.12,25.97,South,Reserved,,,,
18,365,C (Zero Lot),250.000,339.744,3,6,22.13,24.08,21.12,25.97,North,Reserved,,,,
18,366,C (Zero Lot),250.000,339.744,3,6,22.13,24.08,21.12,25.97,South,Reserved,,,,
18,367,A (Zero Lot),250.000,351.046,3,6,29.55,26.40,22.62,16.00,North,Reserved,,,,
18,368,A (Zero Lot),250.000,351.046,3,6,29.55,26.40,22.62,16.00,South,Reserved,,,,
18,369,A (Zero Lot),250.000,351.046,3,6,29.55,26.40,22.62,16.00,North,Reserved,,,,
18,370,A (Zero Lot),250.000,351.046,3,6,29.55,26.40,22.62,16.00,South,Reserved,,,,
18,371,A (Zero Lot),250.000,351.046,3,6,29.55,26.40,22.62,16.00,North,Reserved,,,,
18,372,A (Zero Lot),250.000,351.046,3,6,29.55,26.40,22.62,16.00,South,Reserved,,,,
18,373,B (Zero Lot),325.000,338.127,3,6,23.25,15.21,17.43,20.12,North,Reserved,,,,
18,374,B (Zero Lot),325.000,338.127,3,6,23.25,15.21,17.43,20.12,South,Reserved,,,,
20,375,B (Zero Lot),325.000,338.127,3,6,23.25,15.21,17.43,20.12,North,Reserved,,,,
20,376,C (Zero Lot),250.000,339.744,3,6,22.13,24.08,21.12,25.97,North,Reserved,,,,
20,377,C (Zero Lot),250.000,339.744,3,6,22.13,24.08,21.12,25.97,North,Reserved,,,,
20,378,C (Zero Lot),250.000,339.744,3,6,22.13,24.08,21.12,25.97,North,Reserved,,,,
20,379,C (Zero Lot),250.000,339.744,3,6,22.13,24.08,21.12,25.97,North,Reserved,,,,
20,380,C (Zero Lot),250.000,339.744,3,6,22.13,24.08,21.12,25.97,North,Reserved,,,,
20,381,B (Duplex),250.000,338.127,3,6,23.25,15.21,17.43,20.12,North,Reserved,,,,
20,382,B (Duplex),250.000,338.127,3,6,23.25,15.21,17.43,20.12,North,Reserved,,,,
20,383,C (Zero Lot),250.000,339.744,3,6,22.13,24.08,21.12,25.97,North,Reserved,,,,
20,384,C (Zero Lot),250.000,339.744,3,6,22.13,24.08,21.12,25.97,North,Reserved,,,,
20,385,C (Zero Lot),250.000,339.744,3,6,22.13,24.08,21.12,25.97,North,Reserved,,,,
20,386,C (Zero Lot),250.000,339.744,3,6,22.13,24.08,21.12,25.97,North,Reserved,,,,
20,387,C (Zero Lot),250.000,339.744,3,6,22.13,24.08,21.12,25.97,North,Reserved,,,,
20,388,B (Zero Lot),250.000,338.127,3,6,23.25,15.21,17.43,20.12,North,Reserved,,,,
19,389,B (Zero Lot),250.000,338.127,3,6,23.25,15.21,17.43,20.12,North,Reserved,,,,
19,390,C (Zero Lot),250.000,339.744,3,6,22.13,24.08,21.12,25.97,North,Reserved,,,,
19,391,C (Zero Lot),250.000,339.744,3,6,22.13,24.08,21.12,25.97,North,Reserved,,,,
19,392,B (Duplex),250.000,338.127,3,6,23.25,15.21,17.43,20.12,North,Reserved,,,,
19,393,B (Duplex),250.000,338.127,3,6,23.25,15.21,17.43,20.12,North,Availabel.,,,,
19,394,C (Zero Lot),250.000,339.744,3,6,22.13,24.08,21.12,25.97,North,Reserved,,,,
19,395,C (Zero Lot),250.000,339.744,3,6,22.13,24.08,21.12,25.97,North,Reserved,,,,
19,396,B (Zero Lot),362.500,338.127,3,6,23.25,15.21,17.43,20.12,North,Reserved,,,,
21,397,B (Zero Lot),362.500,338.127,3,6,23.25,15.21,17.43,20.12,South,Reserved,,,,
21,398,C (Zero Lot),250.000,339.744,3,6,22.13,24.08,21.12,25.97,South,Reserved,,,,
21,399,C (Zero Lot),250.000,339.744,3,6,22.13,24.08,21.12,25.97,South,Reserved,,,,
21,400,B (Duplex),250.000,338.127,3,6,23.25,15.21,17.43,20.12,South,Availabel.,,,,
21,401,B (Duplex),250.000,338.127,3,6,23.25,15.21,17.43,20.12,South,Reserved,,,,
21,402,C (Zero Lot),250.000,339.744,3,6,22.13,24.08,21.12,25.97,South,Reserved,,,,
21,403,C (Zero Lot),250.000,339.744,3,6,22.13,24.08,21.12,25.97,South,Reserved,,,,
21,404,B (Zero Lot),250.000,338.127,3,6,23.25,15.21,17.43,20.12,South,Reserved,,,,
22,405,B (Zero Lot),250.000,338.127,3,6,23.25,15.21,17.43,20.12,South,Reserved,,,,
22,406,C (Zero Lot),250.000,339.744,3,6,22.13,24.08,21.12,25.97,South,Reserved,,,,
22,407,C (Zero Lot),250.000,339.744,3,6,22.13,24.08,21.12,25.97,South,Reserved,,,,
22,408,C (Zero Lot),250.000,339.744,3,6,22.13,24.08,21.12,25.97,South,Reserved,,,,
22,409,C (Zero Lot),250.000,339.744,3,6,22.13,24.08,21.12,25.97,South,Reserved,,,,
22,410,C (Zero Lot),250.000,339.744,3,6,22.13,24.08,21.12,25.97,South,Reserved,,,,
22,411,B (Duplex),250.000,338.127,3,6,23.25,15.21,17.43,20.12,South,Reserved,,,,
22,412,B (Duplex),250.000,338.127,3,6,23.25,15.21,17.43,20.12,South,Availabel.,,,,
22,413,C (Zero Lot),250.000,339.744,3,6,22.13,24.08,21.12,25.97,South,Reserved,,,,
22,414,C (Zero Lot),250.000,339.744,3,6,22.13,24.08,21.12,25.97,South,Reserved,,,,
22,415,C (Zero Lot),250.000,339.744,3,6,22.13,24.08,21.12,25.97,South,Reserved,,,,
22,416,C (Zero Lot),250.000,339.744,3,6,22.13,24.08,21.12,25.97,South,Reserved,,,,
22,417,C (Zero Lot),250.000,339.744,3,6,22.13,24.08,21.12,25.97,South,Reserved,,,,
22,418,B (Zero Lot),325.000,338.127,3,6,23.25,15.21,17.43,20.12,South,Reserved,,,,
23,419,B (Zero Lot),325.000,338.127,3,6,23.25,15.21,17.43,20.12,North,Reserved,,,,
23,420,B (Zero Lot),325.000,338.127,3,6,23.25,15.21,17.43,20.12,South,Reserved,,,,
23,421,A (Zero Lot),250.000,351.046,3,6,29.55,26.40,22.62,16.00,North,Reserved,,,,
23,422,A (Zero Lot),250.000,351.046,3,6,29.55,26.40,22.62,16.00,South,Reserved,,,,
23,423,A (Zero Lot),250.000,351.046,3,6,29.55,26.40,22.62,16.00,North,Reserved,,,,
23,424,A (Zero Lot),250.000,351.046,3,6,29.55,26.40,22.62,16.00,South,Reserved,,,,
23,425,A (Zero Lot),250.000,351.046,3,6,29.55,26.40,22.62,16.00,North,Reserved,,,,
23,426,A (Zero Lot),250.000,351.046,3,6,29.55,26.40,22.62,16.00,South,Reserved,,,,
23,427,C (Zero Lot),250.000,339.744,3,6,22.13,24.08,21.12,25.97,North,Reserved,,,,
23,428,C (Zero Lot),250.000,339.744,3,6,22.13,24.08,21.12,25.97,South,Reserved,,,,
23,429,C (Zero Lot),250.000,339.744,3,6,22.13,24.08,21.12,25.97,North,Reserved,,,,
23,430,C (Zero Lot),250.000,339.744,3,6,22.13,24.08,21.12,25.97,South,Reserved,,,,
23,431,B (Duplex),250.000,338.127,3,6,23.25,15.21,17.43,20.12,North,Availabel.,,,,
23,432,B (Duplex),250.000,338.127,3,6,23.25,15.21,17.43,20.12,South,Reserved,,,,
23,433,B (Duplex),250.000,338.127,3,6,23.25,15.21,17.43,20.12,North,Reserved,,,,
23,434,B (Duplex),250.000,338.127,3,6,23.25,15.21,17.43,20.12,South,Availabel.,,,,
23,435,C (Zero Lot),250.000,339.744,3,6,22.13,24.08,21.12,25.97,North,Reserved,,,,
23,436,C (Zero Lot),250.000,339.744,3,6,22.13,24.08,21.12,25.97,South,Reserved,,,,
23,437,C (Zero Lot),250.000,339.744,3,6,22.13,24.08,21.12,25.97,North,Reserved,,,,
23,438,C (Zero Lot),250.000,339.744,3,6,22.13,24.08,21.12,25.97,South,Reserved,,,,
23,439,A (Zero Lot),250.000,351.046,3,6,29.55,26.40,22.62,16.00,North,Reserved,,,,
23,440,A (Zero Lot),250.000,351.046,3,6,29.55,26.40,22.62,16.00,South,Reserved,,,,
23,441,A (Zero Lot),250.000,351.046,3,6,29.55,26.40,22.62,16.00,North,Reserved,,,,
23,442,A (Zero Lot),250.000,351.046,3,6,29.55,26.40,22.62,16.00,South,Reserved,,,,
23,443,A (Zero Lot),250.000,351.046,3,6,29.55,26.40,22.62,16.00,North,Reserved,,,,
23,444,A (Zero Lot),250.000,351.046,3,6,29.55,26.40,22.62,16.00,South,Reserved,,,,
23,445,B (Zero Lot),250.000,338.127,3,6,23.25,15.21,17.43,20.12,North,Reserved,,,,
23,446,B (Zero Lot),250.000,338.127,3,6,23.25,15.21,17.43,20.12,South,Reserved,,,,
24,447,B (Zero Lot),250.000,338.127,3,6,23.25,15.21,17.43,20.12,North,Reserved,,,,
24,448,B (Zero Lot),250.000,338.127,3,6,23.25,15.21,17.43,20.12,South,Reserved,,,,
24,449,A (Zero Lot),250.000,351.046,3,6,29.55,26.40,22.62,16.00,North,Reserved,,,,
24,450,A (Zero Lot),250.000,351.046,3,6,29.55,26.40,22.62,16.00,South,Reserved,,,,
24,451,A (Zero Lot),250.000,351.046,3,6,29.55,26.40,22.62,16.00,North,Reserved,,,,
24,452,A (Zero Lot),250.000,351.046,3,6,29.55,26.40,22.62,16.00,South,Reserved,,,,
24,453,A (Duplex),250.000,351.046,3,6,29.55,26.40,22.62,16.00,North,Reserved,,,,
24,454,A (Duplex),250.000,351.046,3,6,29.55,26.40,22.62,16.00,South,Availabel.,,,,
24,455,A (Duplex),250.000,351.046,3,6,29.55,26.40,22.62,16.00,North,Reserved,,,,
24,456,A (Duplex),250.000,351.046,3,6,29.55,26.40,22.62,16.00,South,Availabel.,,,,
24,457,A (Zero Lot),250.000,351.046,3,6,29.55,26.40,22.62,16.00,North,Reserved,,,,
24,458,A (Zero Lot),250.000,351.046,3,6,29.55,26.40,22.62,16.00,South,Reserved,,,,
24,459,B (Zero Lot),375.000,338.127,3,6,23.25,15.21,17.43,20.12,North,Reserved,,,,
24,460,B (Zero Lot),375.000,338.127,3,6,23.25,15.21,17.43,20.12,South,Reserved,,,,
25,461,A (Zero Lot),400.000,351.046,3,6,29.55,26.40,22.62,16.00,East,Reserved,,,,
25,462,B (Zero Lot),275.000,338.127,3,6,23.25,15.21,17.43,20.12,East,Reserved,,,,
25,463,B (Zero Lot),275.000,338.127,3,6,23.25,15.21,17.43,20.12,West,Reserved,,,,
25,464,A (Duplex),250.000,351.046,3,6,29.55,26.40,22.62,16.00,East,Reserved,,,,
25,465,A (Duplex),250.000,351.046,3,6,29.55,26.40,22.62,16.00,West,Reserved,,,,
25,466,A (Duplex),250.000,351.046,3,6,29.55,26.40,22.62,16.00,East,Reserved,,,,
25,467,A (Duplex),250.000,351.046,3,6,29.55,26.40,22.62,16.00,West,Reserved,,,,
25,468,B (Zero Lot),300.000,338.127,3,6,23.25,15.21,17.43,20.12,East,Reserved,,,,
25,469,B (Zero Lot),300.000,338.127,3,6,23.25,15.21,17.43,20.12,West,Reserved,,,,
26,470,B (Zero Lot),325.000,338.127,3,6,23.25,15.21,17.43,20.12,North,Reserved,,,,
26,471,B (Zero Lot),325.000,338.127,3,6,23.25,15.21,17.43,20.12,South,Reserved,,,,
26,472,A (Zero Lot),250.000,351.046,3,6,29.55,26.40,22.62,16.00,North,Reserved,,,,
26,473,A (Zero Lot),250.000,351.046,3,6,29.55,26.40,22.62,16.00,South,Reserved,,,,
26,474,A (Zero Lot),250.000,351.046,3,6,29.55,26.40,22.62,16.00,North,Reserved,,,,
26,475,A (Zero Lot),250.000,351.046,3,6,29.55,26.40,22.62,16.00,South,Reserved,,,,
26,476,A (Zero Lot),250.000,351.046,3,6,29.55,26.40,22.62,16.00,North,Reserved,,,,
26,477,A (Zero Lot),250.000,351.046,3,6,29.55,26.40,22.62,16.00,South,Reserved,,,,
26,478,C (Zero Lot),250.000,339.744,3,6,22.13,24.08,21.12,25.97,North,Reserved,,,,
26,479,C (Zero Lot),250.000,339.744,3,6,22.13,24.08,21.12,25.97,South,Reserved,,,,
26,480,C (Zero Lot),250.000,339.744,3,6,22.13,24.08,21.12,25.97,North,Reserved,,,,
26,481,C (Zero Lot),250.000,339.744,3,6,22.13,24.08,21.12,25.97,South,Reserved,,,,
26,482,B (Duplex),250.000,338.127,3,6,23.25,15.21,17.43,20.12,North,Reserved,,,,
26,483,B (Duplex),250.000,338.127,3,6,23.25,15.21,17.43,20.12,South,Availabel.,,,,
26,484,B (Duplex),250.000,338.127,3,6,23.25,15.21,17.43,20.12,North,Reserved,,,,
26,485,B (Duplex),250.000,338.127,3,6,23.25,15.21,17.43,20.12,South,Availabel.,,,,
26,486,C (Zero Lot),250.000,339.744,3,6,22.13,24.08,21.12,25.97,North,Reserved,,,,
26,487,C (Zero Lot),250.000,339.744,3,6,22.13,24.08,21.12,25.97,South,Reserved,,,,
26,488,C (Zero Lot),250.000,339.744,3,6,22.13,24.08,21.12,25.97,North,Reserved,,,,
26,489,C (Zero Lot),250.000,339.744,3,6,22.13,24.08,21.12,25.97,South,Reserved,,,,
26,490,A (Zero Lot),250.000,351.046,3,6,29.55,26.40,22.62,16.00,North,Reserved,,,,
26,491,A (Zero Lot),250.000,351.046,3,6,29.55,26.40,22.62,16.00,South,Reserved,,,,
26,492,A (Zero Lot),250.000,351.046,3,6,29.55,26.40,22.62,16.00,North,Reserved,,,,
26,493,A (Zero Lot),250.000,351.046,3,6,29.55,26.40,22.62,16.00,South,Reserved,,,,
26,494,A (Zero Lot),250.000,351.046,3,6,29.55,26.40,22.62,16.00,North,Reserved,,,,
26,495,A (Zero Lot),250.000,351.046,3,6,29.55,26.40,22.62,16.00,South,Reserved,,,,
26,496,B (Zero Lot),250.000,338.127,3,6,23.25,15.21,17.43,20.12,North,Availabel.,,,,
26,497,B (Zero Lot),250.000,338.127,3,6,23.25,15.21,17.43,20.12,South,Reserved,,,,
27,498,B (Zero Lot),250.000,338.127,3,6,23.25,15.21,17.43,20.12,North,Reserved,,,,
27,499,B (Zero Lot),250.000,338.127,3,6,23.25,15.21,17.43,20.12,South,Reserved,,,,
27,500,C (Zero Lot),250.000,339.744,3,6,22.13,24.08,21.12,25.97,North,Reserved,,,,
27,501,C (Zero Lot),250.000,339.744,3,6,22.13,24.08,21.12,25.97,South,Reserved,,,,
27,502,C (Zero Lot),250.000,339.744,3,6,22.13,24.08,21.12,25.97,North,Reserved,,,,
27,503,C (Zero Lot),250.000,339.744,3,6,22.13,24.08,21.12,25.97,South,Reserved,,,,
27,504,C (Zero Lot),250.000,339.744,3,6,22.13,24.08,21.12,25.97,North,Reserved,,,,
27,505,C (Zero Lot),250.000,339.744,3,6,22.13,24.08,21.12,25.97,South,Reserved,,,,
27,506,A (Zero Lot),250.000,351.046,3,6,29.55,26.40,22.62,16.00,North,Reserved,,,,
27,507,A (Zero Lot),250.000,351.046,3,6,29.55,26.40,22.62,16.00,South,Reserved,,,,
27,508,A (Zero Lot),250.000,351.046,3,6,29.55,26.40,22.62,16.00,North,Reserved,,,,
27,509,A (Zero Lot),250.000,351.046,3,6,29.55,26.40,22.62,16.00,South,Reserved,,,,
27,510,B (Duplex),250.000,338.127,3,6,23.25,15.21,17.43,20.12,North,Availabel.,,,,
27,511,B (Duplex),250.000,338.127,3,6,23.25,15.21,17.43,20.12,South,Availabel.,,,,
27,512,B (Duplex),250.000,338.127,3,6,23.25,15.21,17.43,20.12,North,Availabel.,,,,
27,513,B (Duplex),250.000,338.127,3,6,23.25,15.21,17.43,20.12,South,Availabel.,,,,
27,514,A (Zero Lot),250.000,351.046,3,6,29.55,26.40,22.62,16.00,North,Reserved,,,,
27,515,A (Zero Lot),250.000,351.046,3,6,29.55,26.40,22.62,16.00,South,Reserved,,,,
27,516,A (Zero Lot),250.000,351.046,3,6,29.55,26.40,22.62,16.00,North,Reserved,,,,
27,517,A (Zero Lot),250.000,351.046,3,6,29.55,26.40,22.62,16.00,South,Availabel.,,,,
27,518,C (Zero Lot),250.000,339.744,3,6,22.13,24.08,21.12,25.97,North,Reserved,,,,
27,519,C (Zero Lot),250.000,339.744,3,6,22.13,24.08,21.12,25.97,South,Reserved,,,,
27,520,C (Zero Lot),250.000,339.744,3,6,22.13,24.08,21.12,25.97,North,Reserved,,,,
27,521,C (Zero Lot),250.000,339.744,3,6,22.13,24.08,21.12,25.97,South,Reserved,,,,
27,522,C (Zero Lot),250.000,339.744,3,6,22.13,24.08,21.12,25.97,North,Reserved,,,,
27,523,C (Zero Lot),250.000,339.744,3,6,22.13,24.08,21.12,25.97,South,Reserved,,,,
27,524,B (Zero Lot),325.000,338.127,3,6,23.25,15.21,17.43,20.12,North,Reserved,,,,
27,525,B (Zero Lot),325.000,338.127,3,6,23.25,15.21,17.43,20.12,South,Reserved,,,,
29,526,B (Zero Lot),325.000,338.127,3,6,23.25,15.21,17.43,20.12,North,Reserved,,,,
29,527,B (Zero Lot),325.000,338.127,3,6,23.25,15.21,17.43,20.12,South,Reserved,,,,
29,528,A (Zero Lot),250.000,351.046,3,6,29.55,26.40,22.62,16.00,North,Reserved,,,,
29,529,A (Zero Lot),250.000,351.046,3,6,29.55,26.40,22.62,16.00,South,Reserved,,,,
29,530,A (Zero Lot),250.000,351.046,3,6,29.55,26.40,22.62,16.00,North,Reserved,,,,
29,531,A (Zero Lot),250.000,351.046,3,6,29.55,26.40,22.62,16.00,South,Reserved,,,,
29,532,A (Zero Lot),250.000,351.046,3,6,29.55,26.40,22.62,16.00,North,Reserved,,,,
29,533,A (Zero Lot),250.000,351.046,3,6,29.55,26.40,22.62,16.00,South,Reserved,,,,
29,534,A (Zero Lot),250.000,351.046,3,6,29.55,26.40,22.62,16.00,North,Reserved,,,,
29,535,A (Zero Lot),250.000,351.046,3,6,29.55,26.40,22.62,16.00,South,Reserved,,,,
29,536,A (Zero Lot),250.000,351.046,3,6,29.55,26.40,22.62,16.00,North,Reserved,,,,
29,537,A (Zero Lot),250.000,351.046,3,6,29.55,26.40,22.62,16.00,South,Reserved,,,,
29,538,B (Duplex),250.000,338.127,3,6,23.25,15.21,17.43,20.12,North,Availabel.,,,,
29,539,B (Duplex),250.000,338.127,3,6,23.25,15.21,17.43,20.12,South,Availabel.,,,,
29,540,B (Duplex),250.000,338.127,3,6,23.25,15.21,17.43,20.12,North,Availabel.,,,,
29,541,B (Duplex),250.000,338.127,3,6,23.25,15.21,17.43,20.12,South,Availabel.,,,,
29,542,A (Zero Lot),250.000,351.046,3,6,29.55,26.40,22.62,16.00,North,Reserved,,,,
29,543,A (Zero Lot),250.000,351.046,3,6,29.55,26.40,22.62,16.00,South,Availabel.,,,,
29,544,A (Zero Lot),250.000,351.046,3,6,29.55,26.40,22.62,16.00,North,Reserved,,,,
29,545,A (Zero Lot),250.000,351.046,3,6,29.55,26.40,22.62,16.00,South,Reserved,,,,
29,546,A (Zero Lot),250.000,351.046,3,6,29.55,26.40,22.62,16.00,North,Reserved,,,,
29,547,A (Zero Lot),250.000,351.046,3,6,29.55,26.40,22.62,16.00,South,Reserved,,,,
29,548,C (Zero Lot),250.000,339.744,3,6,22.13,24.08,21.12,25.97,North,Reserved,,,,
29,549,C (Zero Lot),250.000,339.744,3,6,22.13,24.08,21.12,25.97,South,Reserved,,,,
29,550,C (Zero Lot),250.000,339.744,3,6,22.13,24.08,21.12,25.97,North,Reserved,,,,
29,551,C (Zero Lot),250.000,339.744,3,6,22.13,24.08,21.12,25.97,South,Reserved,,,,
29,552,B (Zero Lot),250.000,338.127,3,6,23.25,15.21,17.43,20.12,North,Reserved,,,,
29,553,B (Zero Lot),250.000,338.127,3,6,23.25,15.21,17.43,20.12,South,Reserved,,,,
28,554,B (Zero Lot),250.000,338.127,3,6,23.25,15.21,17.43,20.12,North,Reserved,,,,
28,555,B (Zero Lot),250.000,338.127,3,6,23.25,15.21,17.43,20.12,South,Reserved,,,,
28,556,C (Zero Lot),250.000,339.744,3,6,22.13,24.08,21.12,25.97,North,Reserved,,,,
28,557,C (Zero Lot),250.000,339.744,3,6,22.13,24.08,21.12,25.97,South,Reserved,,,,
28,558,C (Zero Lot),250.000,339.744,3,6,22.13,24.08,21.12,25.97,North,Reserved,,,,
28,559,C (Zero Lot),250.000,339.744,3,6,22.13,24.08,21.12,25.97,South,Reserved,,,,
28,560,A (Duplex),250.000,351.046,3,6,29.55,26.40,22.62,16.00,North,Availabel.,,,,
28,561,A (Duplex),250.000,351.046,3,6,29.55,26.40,22.62,16.00,South,Availabel.,,,,
28,562,A (Duplex),250.000,351.046,3,6,29.55,26.40,22.62,16.00,North,Availabel.,,,,
28,563,A (Duplex),250.000,351.046,3,6,29.55,26.40,22.62,16.00,South,Availabel.,,,,
28,564,A (Zero Lot),250.000,351.046,3,6,29.55,26.40,22.62,16.00,North,Reserved,,,,
28,565,A (Zero Lot),250.000,351.046,3,6,29.55,26.40,22.62,16.00,South,Reserved,,,,
28,566,B (Zero Lot),375.000,338.127,3,6,23.25,15.21,17.43,20.12,North,Reserved,,,,
28,567,B (Zero Lot),375.000,338.127,3,6,23.25,15.21,17.43,20.12,South,Availabel.,,,,
30,568,B (Zero Lot),375.000,338.127,3,6,23.25,15.21,17.43,20.12,North,Reserved,,,,
30,569,C (Zero Lot),250.000,339.744,3,6,22.13,24.08,21.12,25.97,North,Availabel.,,,,
30,570,B (Duplex),250.000,338.127,3,6,23.25,15.21,17.43,20.12,North,Availabel.,,,,
30,571,B (Duplex),250.000,338.127,3,6,23.25,15.21,17.43,20.12,North,Availabel.,,,,
30,572,C (Zero Lot),250.000,339.744,3,6,22.13,24.08,21.12,25.97,North,Availabel.,,,,
30,573,C (Zero Lot),250.000,339.744,3,6,22.13,24.08,21.12,25.97,North,Reserved,,,,
30,574,B (Zero Lot),250.000,338.127,3,6,23.25,15.21,17.43,20.12,North,Reserved,,,,
31,575,B (Zero Lot),250.000,338.127,3,6,23.25,15.21,17.43,20.12,North,Reserved,,,,
31,576,C (Zero Lot),250.000,339.744,3,6,22.13,24.08,21.12,25.97,North,Availabel.,,,,
31,577,C (Zero Lot),250.000,339.744,3,6,22.13,24.08,21.12,25.97,North,Reserved,,,,
31,578,C (Zero Lot),250.000,339.744,3,6,22.13,24.08,21.12,25.97,North,Availabel.,,,,
31,579,C (Zero Lot),250.000,339.744,3,6,22.13,24.08,21.12,25.97,North,Availabel.,,,,
31,580,C (Zero Lot),250.000,339.744,3,6,22.13,24.08,21.12,25.97,North,Availabel.,,,,
31,581,B (Duplex),250.000,338.127,3,6,23.25,15.21,17.43,20.12,North,Availabel.,,,,
31,582,B (Duplex),250.000,338.127,3,6,23.25,15.21,17.43,20.12,North,Availabel.,,,,
31,583,C (Zero Lot),250.000,339.744,3,6,22.13,24.08,21.12,25.97,North,Reserved,,,,
31,584,C (Zero Lot),250.000,339.744,3,6,22.13,24.08,21.12,25.97,North,Reserved,,,,
31,585,C (Zero Lot),250.000,339.744,3,6,22.13,24.08,21.12,25.97,North,Reserved,,,,
31,586,C (Zero Lot),250.000,339.744,3,6,22.13,24.08,21.12,25.97,North,Reserved,,,,
31,587,C (Zero Lot),250.000,339.744,3,6,22.13,24.08,21.12,25.97,North,Reserved,,,,
31,588,B (Zero Lot),325.000,338.127,3,6,23.25,15.21,17.43,20.12,North,Reserved,,,,